Name,Rating
10035_motorcycle.jpg,
10045_motorcycle.jpg,
10076_motorcycle.jpg,
10078_motorcycle.jpg,
10086_motorcycle.jpg,
10095_motorcycle.jpg,
10137_motorcycle.jpg,
10146_motorcycle.jpg,
10154_motorcycle.jpg,
10307_motorcycle.jpg,
10324_motorcycle.jpg,
10401_motorcycle.jpg,
10406_motorcycle.jpg,
10435_motorcycle.jpg,
10468_motorcycle.jpg,
10492_motorcycle.jpg,
10494_motorcycle.jpg,
10521_motorcycle.jpg,
10545_motorcycle.jpg,
10572_motorcycle.jpg,
10611_motorcycle.jpg,
10662_motorcycle.jpg,
10692_motorcycle.jpg,
10769_motorcycle.jpg,
10924_motorcycle.jpg,
10987_motorcycle.jpg,
11095_motorcycle.jpg,
11119_motorcycle.jpg,
1113_motorcycle.jpg,
11143_motorcycle.jpg,
1119_motorcycle.jpg,
11205_motorcycle.jpg,
11239_motorcycle.jpg,
11319_motorcycle.jpg,
11364_motorcycle.jpg,
11385_motorcycle.jpg,
11391_motorcycle.jpg,
11450_motorcycle.jpg,
11469_motorcycle.jpg,
11490_motorcycle.jpg,
11517_motorcycle.jpg,
11530_motorcycle.jpg,
11542_motorcycle.jpg,
11548_motorcycle.jpg,
11555_motorcycle.jpg,
11579_motorcycle.jpg,
1159_motorcycle.jpg,
11602_motorcycle.jpg,
11634_motorcycle.jpg,
11694_motorcycle.jpg,
11716_motorcycle.jpg,
11740_motorcycle.jpg,
11812_motorcycle.jpg,
11841_motorcycle.jpg,
11849_motorcycle.jpg,
11879_motorcycle.jpg,
11884_motorcycle.jpg,
11899_motorcycle.jpg,
11913_motorcycle.jpg,
11974_motorcycle.jpg,
11979_motorcycle.jpg,
12039_motorcycle.jpg,
12040_motorcycle.jpg,
12041_motorcycle.jpg,
12106_motorcycle.jpg,
12131_motorcycle.jpg,
12200_motorcycle.jpg,
12202_motorcycle.jpg,
12222_motorcycle.jpg,
12260_motorcycle.jpg,
12269_motorcycle.jpg,
12351_motorcycle.jpg,
12435_motorcycle.jpg,
12452_motorcycle.jpg,
12475_motorcycle.jpg,
12498_motorcycle.jpg,
12566_motorcycle.jpg,
12574_motorcycle.jpg,
12578_motorcycle.jpg,
12579_motorcycle.jpg,
12636_motorcycle.jpg,
12650_motorcycle.jpg,
12666_motorcycle.jpg,
12673_motorcycle.jpg,
12692_motorcycle.jpg,
12846_motorcycle.jpg,
12848_motorcycle.jpg,
12875_motorcycle.jpg,
12894_motorcycle.jpg,
12946_motorcycle.jpg,
12963_motorcycle.jpg,
1298_motorcycle.jpg,
13022_motorcycle.jpg,
13025_motorcycle.jpg,
13026_motorcycle.jpg,
13115_motorcycle.jpg,
13131_motorcycle.jpg,
13227_motorcycle.jpg,
1323_motorcycle.jpg,
13251_motorcycle.jpg,
13262_motorcycle.jpg,
13329_motorcycle.jpg,
13374_motorcycle.jpg,
13388_motorcycle.jpg,
13417_motorcycle.jpg,
13422_motorcycle.jpg,
13451_motorcycle.jpg,
13510_motorcycle.jpg,
13592_motorcycle.jpg,
13652_motorcycle.jpg,
13658_motorcycle.jpg,
13673_motorcycle.jpg,
13718_motorcycle.jpg,
1388_motorcycle.jpg,
13898_motorcycle.jpg,
13930_motorcycle.jpg,
13931_motorcycle.jpg,
13972_motorcycle.jpg,
14006_motorcycle.jpg,
14017_motorcycle.jpg,
14132_motorcycle.jpg,
141_motorcycle.jpg,
14268_motorcycle.jpg,
14295_motorcycle.jpg,
1432_motorcycle.jpg,
14336_motorcycle.jpg,
14350_motorcycle.jpg,
14366_motorcycle.jpg,
14401_motorcycle.jpg,
1440_motorcycle.jpg,
14424_motorcycle.jpg,
14446_motorcycle.jpg,
14454_motorcycle.jpg,
14468_motorcycle.jpg,
14474_motorcycle.jpg,
14573_motorcycle.jpg,
14576_motorcycle.jpg,
14621_motorcycle.jpg,
14816_motorcycle.jpg,
14835_motorcycle.jpg,
14847_motorcycle.jpg,
14890_motorcycle.jpg,
14923_motorcycle.jpg,
14943_motorcycle.jpg,
14985_motorcycle.jpg,
15022_motorcycle.jpg,
15031_motorcycle.jpg,
15062_motorcycle.jpg,
15069_motorcycle.jpg,
15105_motorcycle.jpg,
15393_motorcycle.jpg,
15438_motorcycle.jpg,
15445_motorcycle.jpg,
15447_motorcycle.jpg,
15462_motorcycle.jpg,
15488_motorcycle.jpg,
15489_motorcycle.jpg,
15499_motorcycle.jpg,
15538_motorcycle.jpg,
15555_motorcycle.jpg,
15589_motorcycle.jpg,
15614_motorcycle.jpg,
15625_motorcycle.jpg,
15654_motorcycle.jpg,
15662_motorcycle.jpg,
15677_motorcycle.jpg,
15718_motorcycle.jpg,
15747_motorcycle.jpg,
1575_motorcycle.jpg,
1577_motorcycle.jpg,
15808_motorcycle.jpg,
15842_motorcycle.jpg,
15871_motorcycle.jpg,
15897_motorcycle.jpg,
15905_motorcycle.jpg,
16047_motorcycle.jpg,
160_motorcycle.jpg,
16114_motorcycle.jpg,
16131_motorcycle.jpg,
16139_motorcycle.jpg,
1613_motorcycle.jpg,
16148_motorcycle.jpg,
1615_motorcycle.jpg,
16170_motorcycle.jpg,
16223_motorcycle.jpg,
16225_motorcycle.jpg,
16249_motorcycle.jpg,
16323_motorcycle.jpg,
16335_motorcycle.jpg,
16361_motorcycle.jpg,
16400_motorcycle.jpg,
16421_motorcycle.jpg,
16454_motorcycle.jpg,
16523_motorcycle.jpg,
16531_motorcycle.jpg,
16554_motorcycle.jpg,
16564_motorcycle.jpg,
16583_motorcycle.jpg,
1660_motorcycle.jpg,
16658_motorcycle.jpg,
16712_motorcycle.jpg,
16734_motorcycle.jpg,
16771_motorcycle.jpg,
16787_motorcycle.jpg,
16817_motorcycle.jpg,
16850_motorcycle.jpg,
16862_motorcycle.jpg,
16868_motorcycle.jpg,
16875_motorcycle.jpg,
16909_motorcycle.jpg,
16920_motorcycle.jpg,
16938_motorcycle.jpg,
16945_motorcycle.jpg,
17015_motorcycle.jpg,
17053_motorcycle.jpg,
17087_motorcycle.jpg,
17165_motorcycle.jpg,
17169_motorcycle.jpg,
17172_motorcycle.jpg,
17211_motorcycle.jpg,
17298_motorcycle.jpg,
17344_motorcycle.jpg,
17385_motorcycle.jpg,
17415_motorcycle.jpg,
17456_motorcycle.jpg,
17481_motorcycle.jpg,
17483_motorcycle.jpg,
17494_motorcycle.jpg,
17578_motorcycle.jpg,
17584_motorcycle.jpg,
17590_motorcycle.jpg,
17593_motorcycle.jpg,
17616_motorcycle.jpg,
17653_motorcycle.jpg,
17673_motorcycle.jpg,
17689_motorcycle.jpg,
17704_motorcycle.jpg,
17741_motorcycle.jpg,
17759_motorcycle.jpg,
1782_motorcycle.jpg,
17861_motorcycle.jpg,
17895_motorcycle.jpg,
17915_motorcycle.jpg,
17946_motorcycle.jpg,
17953_motorcycle.jpg,
18002_motorcycle.jpg,
18009_motorcycle.jpg,
18117_motorcycle.jpg,
18136_motorcycle.jpg,
18208_motorcycle.jpg,
18218_motorcycle.jpg,
18275_motorcycle.jpg,
18279_motorcycle.jpg,
18290_motorcycle.jpg,
18293_motorcycle.jpg,
18295_motorcycle.jpg,
18361_motorcycle.jpg,
18428_motorcycle.jpg,
18581_motorcycle.jpg,
18594_motorcycle.jpg,
18792_motorcycle.jpg,
18829_motorcycle.jpg,
18832_motorcycle.jpg,
18897_motorcycle.jpg,
18940_motorcycle.jpg,
18941_motorcycle.jpg,
18975_motorcycle.jpg,
19001_motorcycle.jpg,
19002_motorcycle.jpg,
19017_motorcycle.jpg,
19020_motorcycle.jpg,
19046_motorcycle.jpg,
19061_motorcycle.jpg,
19096_motorcycle.jpg,
19119_motorcycle.jpg,
19244_motorcycle.jpg,
19272_motorcycle.jpg,
192_motorcycle.jpg,
19413_motorcycle.jpg,
1948_motorcycle.jpg,
19557_motorcycle.jpg,
19580_motorcycle.jpg,
19585_motorcycle.jpg,
19596_motorcycle.jpg,
19630_motorcycle.jpg,
19666_motorcycle.jpg,
19668_motorcycle.jpg,
19710_motorcycle.jpg,
19898_motorcycle.jpg,
19903_motorcycle.jpg,
19907_motorcycle.jpg,
19940_motorcycle.jpg,
20019_motorcycle.jpg,
20021_motorcycle.jpg,
20048_motorcycle.jpg,
20052_motorcycle.jpg,
20086_motorcycle.jpg,
20107_motorcycle.jpg,
20159_motorcycle.jpg,
20167_motorcycle.jpg,
2016_motorcycle.jpg,
20200_motorcycle.jpg,
20209_motorcycle.jpg,
20248_motorcycle.jpg,
20259_motorcycle.jpg,
20275_motorcycle.jpg,
2031_motorcycle.jpg,
20341_motorcycle.jpg,
20368_motorcycle.jpg,
2041_motorcycle.jpg,
20421_motorcycle.jpg,
20533_motorcycle.jpg,
20551_motorcycle.jpg,
2058_motorcycle.jpg,
20610_motorcycle.jpg,
20642_motorcycle.jpg,
20688_motorcycle.jpg,
20690_motorcycle.jpg,
20742_motorcycle.jpg,
20823_motorcycle.jpg,
20868_motorcycle.jpg,
20876_motorcycle.jpg,
2087_motorcycle.jpg,
20905_motorcycle.jpg,
20913_motorcycle.jpg,
21051_motorcycle.jpg,
21064_motorcycle.jpg,
21079_motorcycle.jpg,
21088_motorcycle.jpg,
2109_motorcycle.jpg,
21108_motorcycle.jpg,
21121_motorcycle.jpg,
21182_motorcycle.jpg,
21253_motorcycle.jpg,
21254_motorcycle.jpg,
21265_motorcycle.jpg,
21284_motorcycle.jpg,
21295_motorcycle.jpg,
2147_motorcycle.jpg,
21503_motorcycle.jpg,
2154_motorcycle.jpg,
21551_motorcycle.jpg,
21584_motorcycle.jpg,
21586_motorcycle.jpg,
21701_motorcycle.jpg,
21726_motorcycle.jpg,
2177_motorcycle.jpg,
21825_motorcycle.jpg,
21868_motorcycle.jpg,
21871_motorcycle.jpg,
21961_motorcycle.jpg,
21964_motorcycle.jpg,
22007_motorcycle.jpg,
22017_motorcycle.jpg,
22038_motorcycle.jpg,
22112_motorcycle.jpg,
22168_motorcycle.jpg,
22174_motorcycle.jpg,
22183_motorcycle.jpg,
22258_motorcycle.jpg,
22261_motorcycle.jpg,
22278_motorcycle.jpg,
2229_motorcycle.jpg,
22314_motorcycle.jpg,
22317_motorcycle.jpg,
22333_motorcycle.jpg,
22345_motorcycle.jpg,
22372_motorcycle.jpg,
22398_motorcycle.jpg,
2243_motorcycle.jpg,
22467_motorcycle.jpg,
22498_motorcycle.jpg,
22615_motorcycle.jpg,
22689_motorcycle.jpg,
22697_motorcycle.jpg,
22729_motorcycle.jpg,
22735_motorcycle.jpg,
22807_motorcycle.jpg,
22916_motorcycle.jpg,
22956_motorcycle.jpg,
23022_motorcycle.jpg,
2305_motorcycle.jpg,
23161_motorcycle.jpg,
23187_motorcycle.jpg,
23235_motorcycle.jpg,
23252_motorcycle.jpg,
23256_motorcycle.jpg,
23309_motorcycle.jpg,
23311_motorcycle.jpg,
23324_motorcycle.jpg,
23329_motorcycle.jpg,
23339_motorcycle.jpg,
23352_motorcycle.jpg,
2339_motorcycle.jpg,
23435_motorcycle.jpg,
23436_motorcycle.jpg,
23458_motorcycle.jpg,
23479_motorcycle.jpg,
23567_motorcycle.jpg,
23608_motorcycle.jpg,
23609_motorcycle.jpg,
23649_motorcycle.jpg,
23687_motorcycle.jpg,
2368_motorcycle.jpg,
23695_motorcycle.jpg,
23761_motorcycle.jpg,
23764_motorcycle.jpg,
23808_motorcycle.jpg,
23879_motorcycle.jpg,
23888_motorcycle.jpg,
2388_motorcycle.jpg,
23905_motorcycle.jpg,
23915_motorcycle.jpg,
23942_motorcycle.jpg,
23947_motorcycle.jpg,
23953_motorcycle.jpg,
23973_motorcycle.jpg,
23993_motorcycle.jpg,
24034_motorcycle.jpg,
24043_motorcycle.jpg,
24055_motorcycle.jpg,
24135_motorcycle.jpg,
24232_motorcycle.jpg,
24241_motorcycle.jpg,
24250_motorcycle.jpg,
24255_motorcycle.jpg,
24278_motorcycle.jpg,
24282_motorcycle.jpg,
24346_motorcycle.jpg,
24384_motorcycle.jpg,
24398_motorcycle.jpg,
24407_motorcycle.jpg,
24412_motorcycle.jpg,
2443_motorcycle.jpg,
24445_motorcycle.jpg,
24451_motorcycle.jpg,
24486_motorcycle.jpg,
24512_motorcycle.jpg,
24562_motorcycle.jpg,
24626_motorcycle.jpg,
24630_motorcycle.jpg,
24643_motorcycle.jpg,
24649_motorcycle.jpg,
24686_motorcycle.jpg,
24711_motorcycle.jpg,
2472_motorcycle.jpg,
24767_motorcycle.jpg,
24793_motorcycle.jpg,
24819_motorcycle.jpg,
24852_motorcycle.jpg,
25006_motorcycle.jpg,
25027_motorcycle.jpg,
25059_motorcycle.jpg,
25073_motorcycle.jpg,
25103_motorcycle.jpg,
25128_motorcycle.jpg,
25181_motorcycle.jpg,
25206_motorcycle.jpg,
25279_motorcycle.jpg,
25285_motorcycle.jpg,
25321_motorcycle.jpg,
25335_motorcycle.jpg,
25386_motorcycle.jpg,
25393_motorcycle.jpg,
25435_motorcycle.jpg,
25465_motorcycle.jpg,
25490_motorcycle.jpg,
25637_motorcycle.jpg,
25654_motorcycle.jpg,
25673_motorcycle.jpg,
25727_motorcycle.jpg,
25754_motorcycle.jpg,
2577_motorcycle.jpg,
25782_motorcycle.jpg,
25831_motorcycle.jpg,
25866_motorcycle.jpg,
25879_motorcycle.jpg,
25898_motorcycle.jpg,
25916_motorcycle.jpg,
25948_motorcycle.jpg,
25986_motorcycle.jpg,
26083_motorcycle.jpg,
26125_motorcycle.jpg,
26140_motorcycle.jpg,
26183_motorcycle.jpg,
2619_motorcycle.jpg,
26301_motorcycle.jpg,
26335_motorcycle.jpg,
26373_motorcycle.jpg,
2637_motorcycle.jpg,
26459_motorcycle.jpg,
26473_motorcycle.jpg,
26512_motorcycle.jpg,
26555_motorcycle.jpg,
26565_motorcycle.jpg,
26623_motorcycle.jpg,
26659_motorcycle.jpg,
26689_motorcycle.jpg,
26702_motorcycle.jpg,
26841_motorcycle.jpg,
27008_motorcycle.jpg,
27028_motorcycle.jpg,
2703_motorcycle.jpg,
27068_motorcycle.jpg,
27079_motorcycle.jpg,
27156_motorcycle.jpg,
27158_motorcycle.jpg,
27185_motorcycle.jpg,
27233_motorcycle.jpg,
27237_motorcycle.jpg,
27256_motorcycle.jpg,
27286_motorcycle.jpg,
27294_motorcycle.jpg,
27405_motorcycle.jpg,
2742_motorcycle.jpg,
27516_motorcycle.jpg,
27529_motorcycle.jpg,
27568_motorcycle.jpg,
27629_motorcycle.jpg,
27634_motorcycle.jpg,
27888_motorcycle.jpg,
27945_motorcycle.jpg,
27964_motorcycle.jpg,
27971_motorcycle.jpg,
28122_motorcycle.jpg,
28126_motorcycle.jpg,
28167_motorcycle.jpg,
28252_motorcycle.jpg,
28258_motorcycle.jpg,
28349_motorcycle.jpg,
28379_motorcycle.jpg,
28413_motorcycle.jpg,
28433_motorcycle.jpg,
28434_motorcycle.jpg,
28476_motorcycle.jpg,
28497_motorcycle.jpg,
28594_motorcycle.jpg,
28596_motorcycle.jpg,
28715_motorcycle.jpg,
28728_motorcycle.jpg,
28747_motorcycle.jpg,
28803_motorcycle.jpg,
28807_motorcycle.jpg,
28811_motorcycle.jpg,
28836_motorcycle.jpg,
28875_motorcycle.jpg,
28896_motorcycle.jpg,
28911_motorcycle.jpg,
29008_motorcycle.jpg,
29085_motorcycle.jpg,
29122_motorcycle.jpg,
29138_motorcycle.jpg,
29202_motorcycle.jpg,
29229_motorcycle.jpg,
29241_motorcycle.jpg,
29337_motorcycle.jpg,
2936_motorcycle.jpg,
2944_motorcycle.jpg,
29458_motorcycle.jpg,
29484_motorcycle.jpg,
29564_motorcycle.jpg,
29646_motorcycle.jpg,
29704_motorcycle.jpg,
29757_motorcycle.jpg,
29818_motorcycle.jpg,
29820_motorcycle.jpg,
2990_motorcycle.jpg,
29941_motorcycle.jpg,
29967_motorcycle.jpg,
30016_motorcycle.jpg,
30128_motorcycle.jpg,
30175_motorcycle.jpg,
30243_motorcycle.jpg,
3030_motorcycle.jpg,
30333_motorcycle.jpg,
30364_motorcycle.jpg,
30388_motorcycle.jpg,
30472_motorcycle.jpg,
30535_motorcycle.jpg,
30583_motorcycle.jpg,
30602_motorcycle.jpg,
3067_motorcycle.jpg,
30728_motorcycle.jpg,
30746_motorcycle.jpg,
30770_motorcycle.jpg,
3081_motorcycle.jpg,
30889_motorcycle.jpg,
30924_motorcycle.jpg,
30982_motorcycle.jpg,
3098_motorcycle.jpg,
31034_motorcycle.jpg,
31077_motorcycle.jpg,
31105_motorcycle.jpg,
3115_motorcycle.jpg,
31174_motorcycle.jpg,
31185_motorcycle.jpg,
31195_motorcycle.jpg,
31276_motorcycle.jpg,
31291_motorcycle.jpg,
31335_motorcycle.jpg,
31341_motorcycle.jpg,
31343_motorcycle.jpg,
3136_motorcycle.jpg,
31438_motorcycle.jpg,
3143_motorcycle.jpg,
31441_motorcycle.jpg,
3146_motorcycle.jpg,
31492_motorcycle.jpg,
31496_motorcycle.jpg,
3156_motorcycle.jpg,
31590_motorcycle.jpg,
31599_motorcycle.jpg,
31632_motorcycle.jpg,
31682_motorcycle.jpg,
31686_motorcycle.jpg,
31733_motorcycle.jpg,
31749_motorcycle.jpg,
31774_motorcycle.jpg,
3180_motorcycle.jpg,
31851_motorcycle.jpg,
31857_motorcycle.jpg,
31874_motorcycle.jpg,
3187_motorcycle.jpg,
31893_motorcycle.jpg,
31925_motorcycle.jpg,
31932_motorcycle.jpg,
31938_motorcycle.jpg,
31978_motorcycle.jpg,
31988_motorcycle.jpg,
31996_motorcycle.jpg,
32004_motorcycle.jpg,
32029_motorcycle.jpg,
32044_motorcycle.jpg,
32069_motorcycle.jpg,
32071_motorcycle.jpg,
32081_motorcycle.jpg,
32150_motorcycle.jpg,
32153_motorcycle.jpg,
32159_motorcycle.jpg,
32170_motorcycle.jpg,
32251_motorcycle.jpg,
32279_motorcycle.jpg,
32288_motorcycle.jpg,
3228_motorcycle.jpg,
32304_motorcycle.jpg,
32307_motorcycle.jpg,
32366_motorcycle.jpg,
32407_motorcycle.jpg,
32464_motorcycle.jpg,
32483_motorcycle.jpg,
32517_motorcycle.jpg,
32560_motorcycle.jpg,
32626_motorcycle.jpg,
32632_motorcycle.jpg,
32636_motorcycle.jpg,
3265_motorcycle.jpg,
32670_motorcycle.jpg,
32685_motorcycle.jpg,
32692_motorcycle.jpg,
32697_motorcycle.jpg,
32711_motorcycle.jpg,
32723_motorcycle.jpg,
32739_motorcycle.jpg,
32750_motorcycle.jpg,
32770_motorcycle.jpg,
3277_motorcycle.jpg,
32795_motorcycle.jpg,
32808_motorcycle.jpg,
32827_motorcycle.jpg,
32907_motorcycle.jpg,
32914_motorcycle.jpg,
3291_motorcycle.jpg,
32926_motorcycle.jpg,
32941_motorcycle.jpg,
3297_motorcycle.jpg,
32980_motorcycle.jpg,
33007_motorcycle.jpg,
33010_motorcycle.jpg,
33028_motorcycle.jpg,
33062_motorcycle.jpg,
33068_motorcycle.jpg,
33076_motorcycle.jpg,
3309_motorcycle.jpg,
33100_motorcycle.jpg,
33105_motorcycle.jpg,
33120_motorcycle.jpg,
33154_motorcycle.jpg,
33163_motorcycle.jpg,
33165_motorcycle.jpg,
33179_motorcycle.jpg,
33190_motorcycle.jpg,
33197_motorcycle.jpg,
33200_motorcycle.jpg,
33230_motorcycle.jpg,
33233_motorcycle.jpg,
33340_motorcycle.jpg,
33427_motorcycle.jpg,
33482_motorcycle.jpg,
33490_motorcycle.jpg,
33492_motorcycle.jpg,
33496_motorcycle.jpg,
33522_motorcycle.jpg,
33558_motorcycle.jpg,
33567_motorcycle.jpg,
33590_motorcycle.jpg,
33619_motorcycle.jpg,
33683_motorcycle.jpg,
336_motorcycle.jpg,
3374_motorcycle.jpg,
33761_motorcycle.jpg,
33764_motorcycle.jpg,
33919_motorcycle.jpg,
33920_motorcycle.jpg,
33926_motorcycle.jpg,
33958_motorcycle.jpg,
34018_motorcycle.jpg,
34144_motorcycle.jpg,
34164_motorcycle.jpg,
34189_motorcycle.jpg,
3418_motorcycle.jpg,
34194_motorcycle.jpg,
34201_motorcycle.jpg,
34232_motorcycle.jpg,
34302_motorcycle.jpg,
34329_motorcycle.jpg,
34376_motorcycle.jpg,
34478_motorcycle.jpg,
34554_motorcycle.jpg,
345_motorcycle.jpg,
34611_motorcycle.jpg,
34681_motorcycle.jpg,
34730_motorcycle.jpg,
34755_motorcycle.jpg,
34758_motorcycle.jpg,
34759_motorcycle.jpg,
34766_motorcycle.jpg,
34782_motorcycle.jpg,
347_motorcycle.jpg,
34816_motorcycle.jpg,
34834_motorcycle.jpg,
34925_motorcycle.jpg,
3492_motorcycle.jpg,
34950_motorcycle.jpg,
35001_motorcycle.jpg,
35002_motorcycle.jpg,
35022_motorcycle.jpg,
35049_motorcycle.jpg,
35063_motorcycle.jpg,
35088_motorcycle.jpg,
35092_motorcycle.jpg,
3515_motorcycle.jpg,
35204_motorcycle.jpg,
35211_motorcycle.jpg,
35216_motorcycle.jpg,
35244_motorcycle.jpg,
35247_motorcycle.jpg,
35252_motorcycle.jpg,
35323_motorcycle.jpg,
35401_motorcycle.jpg,
35415_motorcycle.jpg,
35471_motorcycle.jpg,
35509_motorcycle.jpg,
35524_motorcycle.jpg,
35528_motorcycle.jpg,
35548_motorcycle.jpg,
35554_motorcycle.jpg,
35565_motorcycle.jpg,
35588_motorcycle.jpg,
35606_motorcycle.jpg,
35619_motorcycle.jpg,
35663_motorcycle.jpg,
35674_motorcycle.jpg,
35704_motorcycle.jpg,
35708_motorcycle.jpg,
35762_motorcycle.jpg,
35865_motorcycle.jpg,
35911_motorcycle.jpg,
35983_motorcycle.jpg,
35_motorcycle.jpg,
36024_motorcycle.jpg,
3607_motorcycle.jpg,
36094_motorcycle.jpg,
36118_motorcycle.jpg,
36119_motorcycle.jpg,
36155_motorcycle.jpg,
36185_motorcycle.jpg,
36244_motorcycle.jpg,
36251_motorcycle.jpg,
36259_motorcycle.jpg,
36265_motorcycle.jpg,
36300_motorcycle.jpg,
36309_motorcycle.jpg,
36318_motorcycle.jpg,
36337_motorcycle.jpg,
36368_motorcycle.jpg,
36369_motorcycle.jpg,
36370_motorcycle.jpg,
36373_motorcycle.jpg,
36415_motorcycle.jpg,
36449_motorcycle.jpg,
36455_motorcycle.jpg,
36488_motorcycle.jpg,
36489_motorcycle.jpg,
36549_motorcycle.jpg,
36555_motorcycle.jpg,
36593_motorcycle.jpg,
36623_motorcycle.jpg,
3662_motorcycle.jpg,
36634_motorcycle.jpg,
36689_motorcycle.jpg,
36706_motorcycle.jpg,
36735_motorcycle.jpg,
36761_motorcycle.jpg,
36762_motorcycle.jpg,
36797_motorcycle.jpg,
36866_motorcycle.jpg,
36902_motorcycle.jpg,
36909_motorcycle.jpg,
36925_motorcycle.jpg,
36943_motorcycle.jpg,
36971_motorcycle.jpg,
36972_motorcycle.jpg,
36979_motorcycle.jpg,
37007_motorcycle.jpg,
37106_motorcycle.jpg,
3710_motorcycle.jpg,
37133_motorcycle.jpg,
37176_motorcycle.jpg,
37185_motorcycle.jpg,
37201_motorcycle.jpg,
37286_motorcycle.jpg,
37300_motorcycle.jpg,
37328_motorcycle.jpg,
37369_motorcycle.jpg,
37389_motorcycle.jpg,
37392_motorcycle.jpg,
37393_motorcycle.jpg,
37415_motorcycle.jpg,
37437_motorcycle.jpg,
37443_motorcycle.jpg,
3745_motorcycle.jpg,
37496_motorcycle.jpg,
37514_motorcycle.jpg,
37525_motorcycle.jpg,
37568_motorcycle.jpg,
37583_motorcycle.jpg,
37624_motorcycle.jpg,
37694_motorcycle.jpg,
3770_motorcycle.jpg,
37735_motorcycle.jpg,
37752_motorcycle.jpg,
37782_motorcycle.jpg,
37811_motorcycle.jpg,
37871_motorcycle.jpg,
37876_motorcycle.jpg,
37882_motorcycle.jpg,
37890_motorcycle.jpg,
37899_motorcycle.jpg,
37957_motorcycle.jpg,
3797_motorcycle.jpg,
37985_motorcycle.jpg,
37986_motorcycle.jpg,
379_motorcycle.jpg,
38043_motorcycle.jpg,
38066_motorcycle.jpg,
38081_motorcycle.jpg,
38120_motorcycle.jpg,
38175_motorcycle.jpg,
3817_motorcycle.jpg,
38271_motorcycle.jpg,
38291_motorcycle.jpg,
38295_motorcycle.jpg,
38394_motorcycle.jpg,
38396_motorcycle.jpg,
38422_motorcycle.jpg,
38446_motorcycle.jpg,
38470_motorcycle.jpg,
38519_motorcycle.jpg,
38542_motorcycle.jpg,
38545_motorcycle.jpg,
38614_motorcycle.jpg,
38654_motorcycle.jpg,
38658_motorcycle.jpg,
3865_motorcycle.jpg,
38707_motorcycle.jpg,
38733_motorcycle.jpg,
38758_motorcycle.jpg,
38767_motorcycle.jpg,
38772_motorcycle.jpg,
38814_motorcycle.jpg,
38822_motorcycle.jpg,
38843_motorcycle.jpg,
38917_motorcycle.jpg,
38924_motorcycle.jpg,
38932_motorcycle.jpg,
38933_motorcycle.jpg,
38939_motorcycle.jpg,
3894_motorcycle.jpg,
38997_motorcycle.jpg,
39010_motorcycle.jpg,
3903_motorcycle.jpg,
39095_motorcycle.jpg,
3909_motorcycle.jpg,
39229_motorcycle.jpg,
39232_motorcycle.jpg,
39238_motorcycle.jpg,
39270_motorcycle.jpg,
39329_motorcycle.jpg,
39422_motorcycle.jpg,
39425_motorcycle.jpg,
39458_motorcycle.jpg,
39494_motorcycle.jpg,
39506_motorcycle.jpg,
3953_motorcycle.jpg,
39591_motorcycle.jpg,
39594_motorcycle.jpg,
39626_motorcycle.jpg,
39676_motorcycle.jpg,
39780_motorcycle.jpg,
39877_motorcycle.jpg,
3994_motorcycle.jpg,
3996_motorcycle.jpg,
39973_motorcycle.jpg,
39977_motorcycle.jpg,
39990_motorcycle.jpg,
40015_motorcycle.jpg,
4002_motorcycle.jpg,
40038_motorcycle.jpg,
40053_motorcycle.jpg,
40084_motorcycle.jpg,
40141_motorcycle.jpg,
40155_motorcycle.jpg,
40192_motorcycle.jpg,
40312_motorcycle.jpg,
40341_motorcycle.jpg,
40368_motorcycle.jpg,
40392_motorcycle.jpg,
40406_motorcycle.jpg,
40510_motorcycle.jpg,
40529_motorcycle.jpg,
40584_motorcycle.jpg,
40599_motorcycle.jpg,
40621_motorcycle.jpg,
40637_motorcycle.jpg,
40644_motorcycle.jpg,
40652_motorcycle.jpg,
4071_motorcycle.jpg,
40725_motorcycle.jpg,
40748_motorcycle.jpg,
40752_motorcycle.jpg,
4075_motorcycle.jpg,
40760_motorcycle.jpg,
40819_motorcycle.jpg,
40863_motorcycle.jpg,
4091_motorcycle.jpg,
40923_motorcycle.jpg,
40964_motorcycle.jpg,
40994_motorcycle.jpg,
41002_motorcycle.jpg,
41068_motorcycle.jpg,
41118_motorcycle.jpg,
41135_motorcycle.jpg,
41166_motorcycle.jpg,
4118_motorcycle.jpg,
41393_motorcycle.jpg,
413_motorcycle.jpg,
41457_motorcycle.jpg,
41461_motorcycle.jpg,
41517_motorcycle.jpg,
41524_motorcycle.jpg,
41538_motorcycle.jpg,
41578_motorcycle.jpg,
41609_motorcycle.jpg,
41635_motorcycle.jpg,
41705_motorcycle.jpg,
41717_motorcycle.jpg,
41734_motorcycle.jpg,
41740_motorcycle.jpg,
52365_motorcycle.jpg,
52379_motorcycle.jpg,
52416_motorcycle.jpg,
5244_motorcycle.jpg,
52459_motorcycle.jpg,
52468_motorcycle.jpg,
52485_motorcycle.jpg,
52493_motorcycle.jpg,
5250_motorcycle.jpg,
52514_motorcycle.jpg,
52552_motorcycle.jpg,
52594_motorcycle.jpg,
52600_motorcycle.jpg,
52626_motorcycle.jpg,
52705_motorcycle.jpg,
52764_motorcycle.jpg,
52796_motorcycle.jpg,
52797_motorcycle.jpg,
52855_motorcycle.jpg,
52900_motorcycle.jpg,
52935_motorcycle.jpg,
52939_motorcycle.jpg,
53005_motorcycle.jpg,
53021_motorcycle.jpg,
53142_motorcycle.jpg,
53165_motorcycle.jpg,
53221_motorcycle.jpg,
53466_motorcycle.jpg,
53476_motorcycle.jpg,
5352_motorcycle.jpg,
53596_motorcycle.jpg,
53610_motorcycle.jpg,
53807_motorcycle.jpg,
5384_motorcycle.jpg,
53876_motorcycle.jpg,
53939_motorcycle.jpg,
53944_motorcycle.jpg,
54092_motorcycle.jpg,
54118_motorcycle.jpg,
54164_motorcycle.jpg,
54198_motorcycle.jpg,
54223_motorcycle.jpg,
54226_motorcycle.jpg,
54259_motorcycle.jpg,
54283_motorcycle.jpg,
54289_motorcycle.jpg,
54370_motorcycle.jpg,
54418_motorcycle.jpg,
54442_motorcycle.jpg,
54480_motorcycle.jpg,
54488_motorcycle.jpg,
54527_motorcycle.jpg,
54533_motorcycle.jpg,
5453_motorcycle.jpg,
54551_motorcycle.jpg,
54655_motorcycle.jpg,
54666_motorcycle.jpg,
54721_motorcycle.jpg,
54765_motorcycle.jpg,
54771_motorcycle.jpg,
54814_motorcycle.jpg,
54862_motorcycle.jpg,
54930_motorcycle.jpg,
54931_motorcycle.jpg,
5493_motorcycle.jpg,
55023_motorcycle.jpg,
5507_motorcycle.jpg,
55094_motorcycle.jpg,
55121_motorcycle.jpg,
55168_motorcycle.jpg,
55174_motorcycle.jpg,
55206_motorcycle.jpg,
55262_motorcycle.jpg,
55280_motorcycle.jpg,
55450_motorcycle.jpg,
55457_motorcycle.jpg,
55485_motorcycle.jpg,
55525_motorcycle.jpg,
55665_motorcycle.jpg,
5570_motorcycle.jpg,
55712_motorcycle.jpg,
55776_motorcycle.jpg,
55818_motorcycle.jpg,
5586_motorcycle.jpg,
55883_motorcycle.jpg,
55944_motorcycle.jpg,
55_motorcycle.jpg,
56022_motorcycle.jpg,
5606_motorcycle.jpg,
56092_motorcycle.jpg,
56139_motorcycle.jpg,
56221_motorcycle.jpg,
56252_motorcycle.jpg,
5630_motorcycle.jpg,
56314_motorcycle.jpg,
56362_motorcycle.jpg,
56764_motorcycle.jpg,
56769_motorcycle.jpg,
56906_motorcycle.jpg,
56929_motorcycle.jpg,
56931_motorcycle.jpg,
56946_motorcycle.jpg,
56949_motorcycle.jpg,
56983_motorcycle.jpg,
570_motorcycle.jpg,
57112_motorcycle.jpg,
57166_motorcycle.jpg,
57225_motorcycle.jpg,
57228_motorcycle.jpg,
57233_motorcycle.jpg,
57328_motorcycle.jpg,
57400_motorcycle.jpg,
57422_motorcycle.jpg,
57431_motorcycle.jpg,
57480_motorcycle.jpg,
57481_motorcycle.jpg,
57511_motorcycle.jpg,
5764_motorcycle.jpg,
57719_motorcycle.jpg,
57730_motorcycle.jpg,
57735_motorcycle.jpg,
57749_motorcycle.jpg,
57795_motorcycle.jpg,
57809_motorcycle.jpg,
57827_motorcycle.jpg,
57897_motorcycle.jpg,
57899_motorcycle.jpg,
57987_motorcycle.jpg,
58034_motorcycle.jpg,
58086_motorcycle.jpg,
581_motorcycle.jpg,
58202_motorcycle.jpg,
58320_motorcycle.jpg,
58375_motorcycle.jpg,
58388_motorcycle.jpg,
58400_motorcycle.jpg,
58404_motorcycle.jpg,
58514_motorcycle.jpg,
58568_motorcycle.jpg,
5859_motorcycle.jpg,
58625_motorcycle.jpg,
58656_motorcycle.jpg,
58668_motorcycle.jpg,
58722_motorcycle.jpg,
58752_motorcycle.jpg,
5875_motorcycle.jpg,
58810_motorcycle.jpg,
58843_motorcycle.jpg,
58858_motorcycle.jpg,
5885_motorcycle.jpg,
58943_motorcycle.jpg,
59056_motorcycle.jpg,
59164_motorcycle.jpg,
59167_motorcycle.jpg,
59191_motorcycle.jpg,
59257_motorcycle.jpg,
59282_motorcycle.jpg,
59291_motorcycle.jpg,
59316_motorcycle.jpg,
59471_motorcycle.jpg,
59518_motorcycle.jpg,
59538_motorcycle.jpg,
59547_motorcycle.jpg,
59572_motorcycle.jpg,
59603_motorcycle.jpg,
59643_motorcycle.jpg,
59693_motorcycle.jpg,
59730_motorcycle.jpg,
59789_motorcycle.jpg,
5984_motorcycle.jpg,
59855_motorcycle.jpg,
59993_motorcycle.jpg,
60032_motorcycle.jpg,
60037_motorcycle.jpg,
60058_motorcycle.jpg,
60121_motorcycle.jpg,
60174_motorcycle.jpg,
60175_motorcycle.jpg,
6017_motorcycle.jpg,
60221_motorcycle.jpg,
60284_motorcycle.jpg,
60317_motorcycle.jpg,
60349_motorcycle.jpg,
60368_motorcycle.jpg,
6036_motorcycle.jpg,
60474_motorcycle.jpg,
60534_motorcycle.jpg,
60551_motorcycle.jpg,
60577_motorcycle.jpg,
60590_motorcycle.jpg,
60857_motorcycle.jpg,
6088_motorcycle.jpg,
60971_motorcycle.jpg,
6097_motorcycle.jpg,
61006_motorcycle.jpg,
61019_motorcycle.jpg,
61062_motorcycle.jpg,
61130_motorcycle.jpg,
61147_motorcycle.jpg,
61161_motorcycle.jpg,
61219_motorcycle.jpg,
61235_motorcycle.jpg,
61264_motorcycle.jpg,
61306_motorcycle.jpg,
61310_motorcycle.jpg,
61321_motorcycle.jpg,
61335_motorcycle.jpg,
61367_motorcycle.jpg,
61370_motorcycle.jpg,
61409_motorcycle.jpg,
61462_motorcycle.jpg,
6151_motorcycle.jpg,
61538_motorcycle.jpg,
61571_motorcycle.jpg,
61671_motorcycle.jpg,
61717_motorcycle.jpg,
61742_motorcycle.jpg,
61757_motorcycle.jpg,
617_motorcycle.jpg,
61808_motorcycle.jpg,
61827_motorcycle.jpg,
61855_motorcycle.jpg,
61882_motorcycle.jpg,
61927_motorcycle.jpg,
62066_motorcycle.jpg,
6206_motorcycle.jpg,
62129_motorcycle.jpg,
62177_motorcycle.jpg,
6217_motorcycle.jpg,
62186_motorcycle.jpg,
6224_motorcycle.jpg,
62254_motorcycle.jpg,
62257_motorcycle.jpg,
62273_motorcycle.jpg,
62312_motorcycle.jpg,
62351_motorcycle.jpg,
62459_motorcycle.jpg,
62508_motorcycle.jpg,
62516_motorcycle.jpg,
62557_motorcycle.jpg,
62613_motorcycle.jpg,
62637_motorcycle.jpg,
62683_motorcycle.jpg,
62718_motorcycle.jpg,
62721_motorcycle.jpg,
62837_motorcycle.jpg,
62848_motorcycle.jpg,
62889_motorcycle.jpg,
62891_motorcycle.jpg,
62923_motorcycle.jpg,
62953_motorcycle.jpg,
62969_motorcycle.jpg,
62995_motorcycle.jpg,
63027_motorcycle.jpg,
63045_motorcycle.jpg,
63077_motorcycle.jpg,
63096_motorcycle.jpg,
63146_motorcycle.jpg,
63307_motorcycle.jpg,
63362_motorcycle.jpg,
63378_motorcycle.jpg,
63379_motorcycle.jpg,
63537_motorcycle.jpg,
63544_motorcycle.jpg,
63573_motorcycle.jpg,
63623_motorcycle.jpg,
63624_motorcycle.jpg,
63678_motorcycle.jpg,
63757_motorcycle.jpg,
63815_motorcycle.jpg,
64206_motorcycle.jpg,
64301_motorcycle.jpg,
64426_motorcycle.jpg,
64471_motorcycle.jpg,
64490_motorcycle.jpg,
6468_motorcycle.jpg,
64941_motorcycle.jpg,
8835_motorcycle.jpg,
8844_motorcycle.jpg,
886_motorcycle.jpg,
8902_motorcycle.jpg,
8907_motorcycle.jpg,
8965_motorcycle.jpg,
8992_motorcycle.jpg,
899_motorcycle.jpg,
9000_motorcycle.jpg,
9022_motorcycle.jpg,
9037_motorcycle.jpg,
9042_motorcycle.jpg,
9059_motorcycle.jpg,
9064_motorcycle.jpg,
9074_motorcycle.jpg,
9108_motorcycle.jpg,
9129_motorcycle.jpg,
9178_motorcycle.jpg,
9202_motorcycle.jpg,
9308_motorcycle.jpg,
9344_motorcycle.jpg,
9358_motorcycle.jpg,
935_motorcycle.jpg,
9368_motorcycle.jpg,
9454_motorcycle.jpg,
9482_motorcycle.jpg,
9484_motorcycle.jpg,
9492_motorcycle.jpg,
9498_motorcycle.jpg,
9546_motorcycle.jpg,
9629_motorcycle.jpg,
971_motorcycle.jpg,
9747_motorcycle.jpg,
9808_motorcycle.jpg,
9840_motorcycle.jpg,
9846_motorcycle.jpg,
9850_motorcycle.jpg,
9902_motorcycle.jpg,
9908_motorcycle.jpg,
9959_motorcycle.jpg,
9960_motorcycle.jpg,
9973_motorcycle.jpg,
